	Df	Sum Sq	Mean Sq	F	N.Perm	Pr(>F)
Groups	2	0.00683595033439173	0.00341797516719586	1.93707022682635	999	0.163
Residuals	60	0.105870456936271	0.00176450761560452	NA	NA	NA
