	Df	Sum Sq	Mean Sq	F	N.Perm	Pr(>F)
Groups	2	0.0474472728462589	0.0237236364231294	5.67334542342473	999	0.006
Residuals	60	0.250895737726563	0.00418159562877604	NA	NA	NA
