	Df	Sum Sq	Mean Sq	F	N.Perm	Pr(>F)
Groups	2	0.215289556820571	0.107644778410285	6.99075273257167	999	0.005
Residuals	60	0.923890023248066	0.0153981670541344	NA	NA	NA
